Time Step,Vehicles North,Vehicles South,Vehicles East,Vehicles West,Avg Wait Time North,Avg Wait Time South,Avg Wait Time East,Avg Wait Time West,Traffic Signal Phase
0,38,11,29,29,39,41,118,38,0
1,28,22,38,2,96,6,48,88,1
2,14,41,48,29,62,49,75,45,1
3,42,21,11,5,75,47,54,95,1
4,7,20,40,28,71,83,84,87,0
5,20,26,46,7,87,90,55,111,0
6,38,30,17,43,79,5,67,46,0
7,18,5,20,44,113,90,94,43,0
8,22,26,12,42,3,8,43,8,1
9,10,39,20,43,37,116,30,103,0
10,10,33,7,32,107,108,57,113,0
11,23,11,45,16,26,56,86,86,1
12,35,44,39,47,8,30,117,49,0
13,39,6,45,10,110,20,52,76,0
14,23,9,6,12,15,89,83,59,1
15,2,44,22,49,55,39,78,95,0
16,21,16,43,10,75,111,22,113,0
17,1,25,31,30,30,44,27,14,0
18,23,20,10,27,87,76,15,35,0
19,43,27,21,43,118,48,36,112,1
20,29,45,21,5,13,86,20,62,0
21,37,1,42,40,108,19,78,68,1
22,1,42,24,15,24,100,16,85,0
23,20,0,21,3,33,117,113,79,1
24,32,35,27,34,66,116,36,40,1
25,11,25,28,47,23,91,76,73,1
26,21,28,12,25,117,16,18,23,0
27,43,20,17,11,105,27,29,81,0
28,24,10,1,10,72,40,44,48,0
29,48,39,28,36,25,65,17,17,1
30,26,10,20,24,19,24,77,6,0
31,41,35,14,17,63,57,61,3,0
32,27,48,26,18,103,113,35,89,0
33,15,38,49,22,9,40,99,68,0
34,14,39,30,37,82,5,83,59,1
35,46,34,14,17,66,74,51,54,1
36,43,33,22,25,23,37,18,15,0
37,2,46,23,5,4,5,108,98,0
38,36,23,43,3,66,44,43,89,0
39,6,21,12,43,57,74,6,81,1
40,20,4,21,28,26,13,43,28,0
41,8,32,42,33,79,65,116,22,1
42,38,35,36,16,112,39,67,116,1
43,17,46,32,42,14,2,33,13,0
44,3,19,2,42,34,118,65,78,0
45,24,18,18,15,75,116,68,48,0
46,13,34,22,1,104,98,54,32,1
47,49,42,28,33,52,96,9,24,1
48,8,16,29,7,43,23,95,20,0
49,25,44,38,12,25,18,41,16,1
50,1,42,43,41,46,17,40,22,0
51,19,33,46,7,33,63,76,56,0
52,27,8,24,29,86,112,102,106,1
53,46,25,36,31,94,115,68,80,1
54,6,1,46,35,49,87,9,57,1
55,43,8,7,46,83,108,9,13,1
56,7,8,41,29,11,34,101,92,0
57,46,39,15,0,86,61,90,19,0
58,34,16,7,42,3,0,59,29,0
59,13,0,0,38,86,99,50,18,1
60,16,24,43,16,47,24,20,52,0
61,35,42,4,19,54,44,7,102,1
62,49,39,2,23,111,48,64,55,1
63,39,41,0,49,0,106,91,76,1
64,3,24,3,21,117,97,112,81,0
65,1,38,39,28,88,88,102,22,1
66,5,34,34,21,65,15,77,61,1
67,41,2,31,43,29,97,84,109,1
68,3,49,41,8,2,92,29,32,1
69,28,36,33,36,20,18,84,102,1
70,17,43,42,9,88,22,48,103,1
71,25,43,24,35,83,82,8,17,1
72,43,29,9,36,48,24,16,72,1
73,33,37,20,27,115,15,68,32,1
74,9,33,45,27,85,53,57,31,1
75,35,11,38,41,84,114,56,60,1
76,13,18,26,42,61,72,61,53,1
77,30,36,26,20,96,0,94,16,0
78,47,43,1,23,115,41,51,18,0
79,14,48,40,41,37,18,60,90,1
80,7,16,47,39,14,96,39,69,1
81,13,9,12,1,109,33,37,98,1
82,22,48,8,7,51,79,42,119,0
83,39,46,35,47,78,107,62,100,0
84,20,11,21,26,45,103,18,33,0
85,15,15,41,21,24,54,99,83,1
86,44,23,25,36,20,17,49,24,1
87,17,18,11,26,87,33,32,67,1
88,46,7,16,28,4,88,12,73,1
89,23,30,13,2,69,44,77,73,0
90,25,20,13,43,112,5,119,87,1
91,24,16,33,12,106,20,96,84,0
92,44,22,19,44,111,69,61,10,0
93,40,36,10,9,107,95,92,90,1
94,28,15,15,35,46,104,42,15,0
95,14,5,30,8,86,47,48,89,0
96,44,7,5,26,67,106,35,60,0
97,0,24,18,33,90,38,107,93,0
98,24,17,36,0,17,30,9,112,1
99,6,24,3,31,20,105,94,79,1
100,8,11,46,24,91,9,5,6,0
101,23,14,3,28,98,29,56,15,1
102,0,25,19,6,85,115,0,98,0
103,43,40,9,48,103,17,70,15,1
104,7,44,23,2,22,59,57,39,1
105,23,25,34,19,63,87,90,11,1
106,10,46,25,19,66,115,20,34,1
107,16,31,36,29,39,72,91,112,1
108,7,9,37,34,113,94,79,20,0
109,34,15,20,34,9,14,55,49,1
110,34,6,39,48,88,3,109,42,0
111,32,16,38,38,51,62,86,99,0
112,4,22,20,26,112,39,115,111,1
113,41,25,9,25,71,8,19,16,0
114,38,20,37,13,118,108,101,31,1
115,40,21,45,16,74,8,53,40,0
116,27,6,3,17,60,25,24,5,0
117,6,13,44,44,63,3,27,87,1
118,8,14,19,28,4,80,4,26,1
119,7,6,16,19,108,15,119,19,1
120,11,8,6,26,52,14,20,24,1
121,33,47,3,17,54,98,17,65,0
122,32,7,28,3,36,51,46,8,1
123,47,49,13,0,55,68,69,91,0
124,22,22,2,49,58,118,56,52,0
125,23,28,23,0,108,4,92,60,0
126,36,17,36,25,101,19,18,37,0
127,34,30,15,44,92,78,96,2,0
128,43,29,3,19,68,17,64,83,0
129,39,38,23,22,72,110,108,69,1
130,21,34,33,9,58,1,2,102,0
131,26,17,29,10,111,92,41,96,0
132,34,41,17,40,1,12,20,54,0
133,0,38,18,40,64,3,98,0,1
134,34,16,30,4,103,41,104,100,1
135,36,13,18,0,59,108,39,69,0
136,46,30,48,16,50,73,66,44,1
137,13,23,45,21,29,60,24,97,0
138,2,34,18,33,10,94,108,46,1
139,0,43,21,44,91,104,101,78,0
140,4,44,23,40,107,7,108,108,1
141,25,33,44,28,75,66,54,25,1
142,13,2,11,3,38,111,83,13,1
143,38,36,29,4,89,62,51,53,0
144,26,42,37,10,76,109,43,70,0
145,8,39,30,20,71,8,108,45,0
146,14,25,35,34,62,93,97,30,1
147,14,22,18,11,63,116,84,87,1
148,25,43,47,25,60,10,55,58,0
149,41,38,44,18,53,98,54,94,1
150,12,14,35,44,91,100,111,28,0
151,31,48,29,6,93,41,86,105,0
152,38,3,48,46,72,12,69,95,0
153,48,28,32,6,102,35,114,16,0
154,31,21,17,25,94,119,116,13,1
155,3,24,48,39,57,12,76,103,1
156,29,12,27,4,84,11,112,35,1
157,36,17,46,20,55,36,86,57,0
158,22,32,10,13,110,73,72,111,1
159,38,15,44,3,33,119,80,23,0
160,44,44,32,22,118,72,65,108,0
161,14,41,16,41,30,51,18,62,0
162,42,43,5,19,51,70,82,117,0
163,28,1,3,14,88,1,119,90,0
164,35,34,19,49,75,117,6,24,0
165,12,41,47,44,0,55,117,58,1
166,31,33,46,28,54,59,62,31,1
167,6,29,26,7,21,22,41,115,1
168,21,12,14,40,39,102,41,81,1
169,27,12,5,47,100,39,58,109,0
170,1,17,46,18,110,63,19,17,0
171,41,31,13,47,0,102,72,36,1
172,44,31,10,38,64,84,16,25,1
173,5,34,38,45,62,22,26,8,1
174,27,38,8,27,105,28,46,98,1
175,27,45,25,45,53,77,1,63,1
176,43,28,15,26,41,89,62,71,1
177,43,48,4,3,20,50,61,19,1
178,19,28,9,14,78,68,99,53,1
179,29,43,49,34,80,118,18,105,0
180,10,15,2,36,21,94,16,85,0
181,27,43,12,0,37,88,68,82,0
182,24,46,42,2,98,30,38,29,0
183,38,9,48,46,108,49,81,52,1
184,32,29,29,23,79,19,116,91,0
185,0,24,44,26,7,107,117,98,1
186,26,38,5,39,61,54,70,106,0
187,12,19,16,35,46,80,80,62,1
188,40,4,44,33,16,108,38,10,1
189,2,0,18,28,16,1,35,30,0
190,38,29,41,23,117,24,39,48,0
191,5,48,34,23,89,12,44,111,1
192,7,2,45,41,12,102,3,102,1
193,26,44,25,3,16,91,101,99,1
194,8,13,4,2,37,105,24,93,0
195,36,29,28,33,80,118,68,86,0
196,32,49,36,48,111,69,29,18,1
197,41,3,19,22,77,66,75,11,0
198,43,17,48,22,44,57,67,14,1
199,23,36,20,44,5,98,87,30,0
200,14,24,9,4,34,81,28,42,0
201,31,47,4,30,109,74,72,100,0
202,31,0,35,40,13,117,67,36,0
203,23,45,5,5,110,83,50,78,0
204,40,14,25,36,71,63,23,28,1
205,48,8,3,9,60,68,13,113,1
206,48,14,38,39,14,82,68,106,0
207,11,48,38,6,53,85,17,25,1
208,38,23,49,38,26,58,41,107,1
209,1,3,34,37,12,59,56,1,0
210,2,11,0,20,112,82,82,83,1
211,48,36,23,19,30,110,11,14,0
212,36,36,35,2,116,61,81,115,1
213,48,42,5,21,119,15,16,3,1
214,16,5,40,46,34,87,29,85,1
215,48,38,45,3,59,104,87,49,1
216,1,45,43,27,5,67,74,37,1
217,1,23,30,11,68,14,98,22,1
218,27,10,19,37,85,88,22,58,1
219,22,12,23,35,57,107,80,89,0
220,36,33,24,46,48,54,0,114,0
221,31,24,35,40,22,34,78,74,0
222,32,6,20,4,88,54,31,27,0
223,0,3,29,12,33,13,8,119,1
224,18,7,23,22,25,48,14,65,1
225,1,19,43,49,46,82,27,7,1
226,43,28,41,29,4,101,23,28,0
227,25,44,29,36,89,99,59,10,0
228,31,45,21,24,19,6,34,100,0
229,5,9,27,47,5,29,85,17,1
230,31,42,6,26,69,82,26,54,0
231,3,33,34,13,58,48,82,49,1
232,10,25,27,47,63,88,108,13,0
233,16,40,13,46,113,15,75,117,1
234,37,48,9,35,17,110,19,73,0
235,23,2,15,38,3,117,64,98,1
236,4,5,15,15,16,103,84,8,0
237,33,4,30,21,13,50,48,98,0
238,5,4,41,20,77,71,108,10,1
239,21,46,24,20,12,81,0,62,1
240,10,22,12,7,6,91,9,107,0
241,47,48,5,48,43,79,46,75,1
242,15,8,43,15,118,115,58,66,0
243,32,34,8,30,14,82,95,52,1
244,8,19,44,41,18,41,61,38,0
245,5,48,35,9,62,16,102,77,1
246,15,41,42,31,106,62,85,55,0
247,28,34,19,33,110,44,17,27,0
248,2,49,17,8,107,76,111,74,0
249,19,17,42,16,34,6,45,38,1
250,35,16,20,10,80,26,31,24,0
251,18,23,3,31,34,9,26,20,1
252,25,2,49,9,18,33,91,9,1
253,2,31,32,21,19,35,17,42,1
254,18,34,26,16,99,24,38,14,0
255,19,37,6,3,34,5,48,82,1
256,31,12,5,47,31,23,92,47,1
257,6,46,14,46,47,17,81,85,1
258,40,24,17,24,43,86,43,20,0
259,32,8,31,20,103,5,71,59,1
260,39,3,10,36,23,28,53,115,1
261,38,13,19,37,60,24,94,107,1
262,17,36,23,48,16,54,33,95,1
263,39,33,14,0,70,80,70,49,0
264,0,10,47,24,106,45,35,22,0
265,10,40,6,35,49,23,17,12,1
266,27,2,20,16,64,74,37,68,1
267,24,27,41,40,98,25,58,3,1
268,49,28,25,23,31,114,8,91,1
269,22,8,43,1,35,97,72,77,0
270,30,2,13,39,12,27,109,71,0
271,29,24,36,14,69,2,71,8,0
272,41,33,20,31,57,74,50,114,0
273,34,11,17,38,13,37,34,34,1
274,6,41,4,5,36,60,81,100,1
275,15,8,2,0,111,77,4,20,0
276,25,14,22,46,78,50,13,57,0
277,47,39,25,22,110,89,91,17,1
278,48,24,36,38,67,47,29,96,1
279,1,4,23,16,39,20,3,71,1
280,0,10,48,33,58,53,38,114,1
281,47,33,18,40,79,55,83,112,1
282,11,23,24,28,91,102,63,80,0
283,4,14,20,8,15,93,24,42,0
284,36,37,11,12,61,58,27,94,1
285,31,7,40,5,3,71,75,97,1
286,8,4,32,5,44,50,65,5,0
287,40,47,49,19,89,19,106,85,1
288,34,25,3,2,27,111,77,77,0
289,18,17,41,16,95,95,21,66,0
290,47,5,6,48,108,85,30,11,0
291,15,36,21,11,65,58,22,99,0
292,2,47,32,47,30,70,47,11,1
293,19,12,16,46,2,8,19,108,1
294,23,27,23,44,117,108,37,65,0
295,32,4,33,0,7,0,54,1,1
296,23,12,27,16,23,28,67,14,1
297,10,16,42,2,14,62,78,22,1
298,48,49,40,25,42,71,87,28,1
299,7,39,38,14,30,55,88,80,0
300,35,44,21,35,72,117,0,95,1
301,37,31,48,31,102,67,6,6,0
302,39,28,16,31,44,34,56,93,0
303,19,2,33,3,65,2,94,27,1
304,34,39,5,17,7,117,11,13,0
305,47,33,45,48,70,108,105,43,1
306,24,39,5,18,119,103,4,29,1
307,34,26,33,42,107,6,107,80,0
308,24,12,0,34,114,26,49,31,1
309,28,44,9,39,102,0,41,109,0
310,17,32,20,13,105,90,101,69,0
311,45,5,4,32,56,79,11,114,1
312,17,23,1,13,79,101,102,87,1
313,1,18,21,33,98,70,17,5,1
314,34,15,47,3,29,43,65,26,0
315,15,39,1,23,73,86,73,81,1
316,40,27,9,28,101,40,78,87,0
317,35,32,33,18,17,74,93,100,0
318,32,47,15,5,113,41,107,119,1
319,3,40,47,32,68,116,16,23,1
320,32,12,38,48,116,32,67,101,1
321,13,42,21,39,92,49,70,33,0
322,20,44,11,18,38,62,61,39,1
323,47,24,23,0,59,99,40,46,0
324,19,41,46,4,97,36,94,78,1
325,7,35,39,26,42,104,114,74,1
326,6,26,37,15,44,58,118,85,0
327,2,37,9,5,22,80,102,117,0
328,16,6,34,39,68,98,118,23,1
329,32,4,48,12,93,47,33,64,1
330,47,42,31,47,5,4,69,17,1
331,11,44,6,34,55,47,113,43,1
332,21,30,20,18,109,95,101,75,1
333,21,22,19,11,107,2,44,56,0
334,45,41,25,15,3,115,57,106,0
335,29,9,3,42,92,46,50,27,0
336,37,31,45,9,22,61,33,103,0
337,37,42,21,24,5,98,43,70,1
338,44,29,14,19,31,115,14,22,0
339,7,38,39,30,105,13,77,84,0
340,26,30,20,3,17,62,69,33,0
341,26,17,14,43,14,111,49,10,1
342,33,35,21,22,39,60,100,85,0
343,20,1,27,1,95,30,113,105,1
344,29,13,13,21,72,94,31,34,0
345,32,12,26,36,100,16,66,115,1
346,27,28,40,7,73,23,2,92,0
347,46,11,39,6,83,115,85,41,1
348,32,38,27,13,5,22,85,27,0
349,4,1,25,2,111,81,73,81,1
350,47,31,48,49,119,49,50,77,1
351,18,12,1,15,62,117,66,81,0
352,3,45,24,18,66,77,75,91,1
353,34,26,2,17,105,113,92,23,1
354,48,48,7,15,10,78,47,7,0
355,16,40,43,7,42,78,16,105,0
356,43,16,32,32,16,69,6,117,1
357,27,39,41,48,95,26,12,108,0
358,29,30,34,11,3,14,119,52,0
359,28,33,5,10,62,49,65,71,0
360,45,23,38,4,67,35,3,3,1
361,5,44,22,26,80,118,9,90,1
362,34,34,24,11,40,7,102,99,1
363,40,47,49,16,82,78,87,4,1
364,36,5,42,5,4,2,16,96,1
365,23,18,18,32,31,61,51,48,1
366,28,29,4,4,85,46,5,97,1
367,48,6,10,27,119,76,82,29,0
368,45,9,11,13,69,104,68,71,1
369,30,40,9,4,34,97,95,102,1
370,34,31,7,32,21,87,73,62,0
371,32,33,23,49,64,103,8,46,0
372,20,27,27,47,83,95,90,25,0
373,31,14,40,40,21,60,76,56,1
374,22,29,35,18,111,31,82,36,0
375,32,36,36,21,118,93,20,97,1
376,2,28,20,4,10,115,23,6,1
377,17,21,7,1,76,112,101,39,1
378,24,3,8,29,105,12,3,91,0
379,41,19,46,46,2,0,23,38,0
380,30,31,14,38,8,33,58,61,1
381,2,35,47,3,59,61,98,102,1
382,39,49,45,32,75,78,2,91,1
383,45,3,39,12,86,107,67,77,0
384,23,26,17,19,13,77,100,52,1
385,49,16,41,6,96,92,39,113,0
386,31,11,19,14,17,97,47,101,1
387,46,21,5,22,112,81,53,3,0
388,21,16,11,13,104,117,34,105,1
389,22,9,1,22,72,70,94,81,0
390,1,0,6,18,22,92,55,107,0
391,26,21,15,28,73,118,107,111,0
392,41,25,2,19,82,30,88,24,0
393,1,17,44,28,46,63,39,6,0
394,25,49,2,23,68,24,76,101,0
395,16,13,26,17,46,37,67,27,1
396,39,46,49,9,115,13,45,68,1
397,32,28,42,40,86,7,77,66,1
398,8,11,39,7,29,90,12,107,1
399,42,35,37,25,24,53,26,94,0
400,47,34,32,28,27,1,5,110,1
401,38,11,27,9,97,80,16,105,0
402,28,6,0,16,108,100,35,19,0
403,41,28,7,1,119,77,103,82,0
404,25,10,36,5,111,88,112,111,1
405,34,32,31,4,110,55,98,10,0
406,49,5,47,27,24,93,80,103,1
407,24,46,42,40,73,92,104,66,1
408,23,14,36,4,77,83,1,86,1
409,12,31,3,17,105,84,76,6,1
410,6,10,29,25,109,60,51,22,1
411,35,22,5,19,57,116,65,60,0
412,44,25,45,40,93,21,51,70,0
413,19,33,18,48,118,34,91,109,1
414,0,45,31,26,40,100,42,33,0
415,7,33,8,48,24,15,89,105,1
416,45,28,11,11,77,49,21,18,0
417,15,3,10,6,98,112,110,57,0
418,13,16,45,2,115,42,106,8,0
419,11,34,15,9,47,16,54,47,0
420,22,12,0,33,97,79,66,114,0
421,14,40,44,24,9,57,98,81,0
422,27,38,20,34,98,118,59,40,0
423,33,14,29,15,74,1,57,47,0
424,1,28,12,1,10,3,11,44,0
425,31,28,33,23,84,84,87,105,0
426,22,10,3,9,20,38,68,24,0
427,21,31,27,37,85,97,83,115,0
428,24,1,37,21,44,93,102,77,0
429,21,46,30,25,6,5,38,107,1
430,21,13,26,42,118,80,12,24,0
431,48,19,4,38,80,102,40,18,0
432,41,21,24,26,63,88,56,38,0
433,5,10,2,28,63,68,52,118,0
434,14,26,32,46,1,68,108,78,0
435,42,2,3,37,75,19,11,79,0
436,36,16,24,19,41,63,12,26,1
437,32,43,19,26,81,15,119,103,1
438,7,27,33,40,53,50,73,73,1
439,43,28,25,19,74,104,96,62,0
440,43,20,4,43,15,36,56,67,0
441,4,46,34,18,112,103,39,114,0
442,38,15,27,19,114,72,117,18,1
443,3,36,28,34,17,68,79,27,0
444,5,19,8,46,98,41,44,84,0
445,44,5,37,1,116,56,34,110,1
446,31,18,49,29,58,65,2,77,1
447,29,4,5,33,89,8,119,32,0
448,46,2,18,21,15,106,4,111,0
449,34,0,43,2,5,99,89,9,0
450,39,37,10,5,56,85,10,82,0
451,15,14,1,14,107,63,70,29,1
452,12,33,46,26,106,85,116,21,0
453,49,34,43,9,46,21,55,2,0
454,41,48,43,8,110,33,9,100,1
455,29,24,8,32,47,54,105,104,0
456,18,23,20,31,41,28,115,81,0
457,16,11,23,47,75,37,33,74,1
458,18,17,33,5,59,109,66,47,1
459,27,14,21,40,76,96,71,1,0
460,25,43,2,35,3,17,30,75,1
461,36,15,11,1,102,70,74,53,1
462,25,26,27,28,117,64,108,5,0
463,22,7,29,3,1,96,70,106,1
464,8,45,25,0,89,0,108,39,0
465,11,24,47,18,58,87,65,107,0
466,0,16,20,25,26,3,69,92,0
467,0,28,27,24,26,3,40,93,0
468,46,7,25,9,78,81,62,1,1
469,33,14,32,14,71,26,31,72,0
470,31,26,20,21,6,42,19,110,0
471,47,45,34,47,62,58,56,1,0
472,24,49,33,20,110,31,97,92,0
473,39,6,40,21,118,32,49,96,1
474,44,2,46,35,45,27,79,73,1
475,0,28,17,33,62,105,24,97,1
476,15,43,10,29,103,104,11,107,0
477,38,23,22,24,11,54,70,54,1
478,4,2,47,44,12,99,38,71,1
479,21,19,21,27,42,59,16,100,0
480,28,45,16,0,16,69,44,117,1
481,2,14,4,48,62,61,10,59,0
482,11,24,43,44,80,79,69,96,1
483,25,29,10,3,119,33,22,110,1
484,15,13,29,6,35,86,90,5,1
485,36,6,14,48,84,113,109,107,1
486,21,16,26,8,7,105,69,103,0
487,28,43,34,35,68,87,37,108,0
488,13,19,32,18,89,55,1,18,1
489,27,35,19,0,79,112,85,95,0
490,4,8,15,9,35,12,83,26,1
491,46,37,33,35,27,55,88,0,1
492,48,47,1,8,117,17,78,106,1
493,29,21,34,44,92,53,112,115,1
494,45,1,39,45,46,76,92,32,1
495,4,23,27,41,75,112,71,39,1
496,11,7,46,31,100,100,36,31,0
497,15,10,38,31,29,42,48,68,0
498,25,12,5,5,22,38,51,16,1
499,25,16,8,47,15,60,32,7,0
500,47,7,19,37,13,41,21,56,1
501,20,20,0,16,73,80,113,41,0
502,38,17,7,9,70,78,110,97,0
503,35,29,22,49,108,17,4,8,0
504,32,17,2,26,51,22,102,119,1
505,29,45,3,49,36,53,17,86,0
506,36,46,24,34,28,114,37,34,1
507,22,30,46,20,66,29,117,113,1
508,9,37,37,24,14,97,116,70,1
509,4,31,14,27,99,57,36,78,0
510,35,10,20,46,46,67,93,52,0
511,33,44,34,14,45,66,114,53,0
512,30,24,45,3,51,70,94,83,1
513,9,32,13,28,18,119,63,113,1
514,18,37,35,8,76,17,9,24,0
515,31,40,11,26,105,105,78,66,1
516,0,7,16,25,20,6,41,61,0
517,4,10,38,18,63,39,47,54,0
518,44,21,8,27,36,69,43,45,0
519,3,23,34,16,26,85,81,23,0
520,15,40,12,42,54,64,86,97,1
521,23,16,14,40,115,67,96,45,0
522,15,11,17,41,28,109,15,21,0
523,1,45,32,49,19,48,53,10,0
524,48,31,5,19,24,51,101,47,0
525,27,14,26,44,69,113,34,7,0
526,31,15,22,39,62,106,97,38,0
527,26,21,26,38,35,28,27,106,0
528,19,27,33,48,1,20,1,34,1
529,23,19,45,22,21,89,93,48,1
530,11,32,37,46,95,77,12,45,1
531,49,9,13,31,15,8,40,37,1
532,34,39,35,46,17,46,79,7,0
533,32,31,7,32,68,75,58,53,1
534,32,49,34,45,53,41,68,36,1
535,42,32,18,4,99,50,118,90,1
536,36,1,29,42,29,55,91,91,0
537,11,32,13,47,44,50,52,39,1
538,2,32,19,33,18,69,102,33,1
539,0,40,48,39,86,19,44,95,0
540,32,12,24,10,33,87,19,78,1
541,39,29,39,49,12,26,23,107,0
542,9,32,23,2,42,37,60,16,1
543,42,12,13,32,61,71,90,32,0
544,43,25,25,10,117,64,93,46,1
545,28,21,37,15,92,53,57,109,1
546,12,38,22,17,99,112,108,51,1
547,11,1,21,29,21,112,26,117,0
548,30,37,47,47,51,23,25,79,1
549,45,38,18,9,51,46,6,92,0
550,1,25,45,17,110,70,41,8,0
551,49,45,2,37,35,82,46,32,0
552,34,49,41,18,72,85,52,59,0
553,22,14,18,35,102,62,58,112,1
554,16,33,8,12,114,56,37,92,1
555,25,41,27,45,18,54,68,76,1
556,7,43,19,2,37,59,86,20,0
557,28,48,44,9,69,98,91,57,1
558,25,39,6,37,115,61,97,84,0
559,9,10,13,0,110,29,52,68,0
560,25,2,8,26,78,92,14,9,0
561,33,5,18,45,56,21,95,5,1
562,40,8,46,7,19,74,25,119,1
563,6,5,13,45,8,83,47,114,0
564,3,8,37,41,31,28,94,12,1
565,49,38,35,16,3,114,18,64,1
566,44,30,39,8,49,40,8,19,0
567,10,31,16,5,81,41,63,56,0
568,28,40,29,42,4,97,92,110,1
569,35,49,8,24,19,64,53,45,0
570,24,11,32,38,86,30,50,7,0
571,20,7,24,48,74,29,38,9,1
572,35,7,13,27,36,111,3,72,1
573,9,49,10,32,21,17,2,112,0
574,36,27,34,36,57,118,119,104,1
575,8,19,40,8,67,16,63,66,0
576,23,46,13,17,92,37,28,10,0
577,34,6,29,20,43,13,115,11,1
578,48,10,40,1,33,86,10,9,0
579,34,19,3,42,76,88,96,24,0
580,47,15,3,37,41,78,101,48,0
581,35,3,27,39,8,109,57,48,1
582,17,5,7,35,105,55,74,88,1
583,48,21,1,49,94,21,26,10,1
584,38,25,40,42,6,66,96,61,0
585,31,2,45,36,67,55,20,117,0
586,23,40,21,14,18,118,38,35,1
587,22,41,40,27,105,18,94,38,1
588,31,13,15,17,93,56,101,52,1
589,36,10,28,33,30,43,45,89,0
590,11,17,48,21,34,97,65,77,1
591,48,11,47,10,56,34,90,102,0
592,12,22,29,12,84,113,35,55,1
593,22,11,11,3,60,0,74,103,0
594,24,12,34,21,30,51,110,0,0
595,34,24,10,6,82,84,81,55,1
596,40,44,45,42,94,92,64,117,0
597,29,18,49,23,52,69,62,3,1
598,16,45,20,3,31,36,98,29,0
599,48,35,20,27,65,64,34,11,0
600,19,44,4,14,58,50,30,119,1
601,47,7,47,0,115,0,27,34,0
602,24,28,19,2,9,90,102,76,1
603,21,31,36,13,1,20,0,51,1
604,12,43,2,37,65,52,24,30,1
605,18,17,43,49,59,15,42,101,0
606,48,5,32,0,87,107,101,106,0
607,35,17,8,37,16,60,83,86,0
608,11,18,8,37,95,53,66,67,1
609,40,21,3,20,15,39,62,51,1
610,18,36,34,47,15,25,50,79,0
611,11,31,16,28,45,79,1,6,0
612,8,40,33,4,38,91,81,21,1
613,6,2,23,48,116,64,107,92,0
614,27,27,31,9,30,99,63,74,1
615,13,9,0,27,106,73,73,55,0
616,30,34,7,20,87,63,68,96,1
617,18,28,44,49,0,42,8,57,0
618,46,14,22,6,10,16,1,92,0
619,15,32,46,2,118,58,33,63,1
620,4,6,39,44,84,22,59,102,1
621,34,11,11,46,3,6,101,11,1
622,11,48,11,19,70,43,60,6,0
623,24,29,45,18,25,52,30,54,1
624,20,20,46,34,110,70,9,102,1
625,35,30,14,3,49,107,113,105,0
626,22,23,40,4,11,78,75,61,1
627,15,19,18,0,94,33,35,111,1
628,38,36,25,3,80,45,117,89,1
629,44,3,28,11,96,108,84,103,0
630,41,27,21,26,74,67,48,72,0
631,38,43,39,41,91,77,110,104,0
632,13,19,20,22,95,77,69,97,1
633,30,23,37,24,64,15,111,108,0
634,4,49,19,20,46,70,48,76,1
635,34,48,28,23,91,95,2,54,1
636,22,31,3,24,52,18,73,118,1
637,28,40,6,44,105,1,4,35,0
638,42,35,27,45,70,9,109,88,0
639,10,33,27,31,1,49,89,23,1
640,17,35,3,31,105,80,60,43,1
641,46,1,21,4,23,100,84,16,0
642,11,14,11,35,3,11,108,1,0
643,8,33,44,45,107,69,89,12,0
644,9,35,2,41,18,21,101,30,1
645,43,5,21,48,25,31,107,92,0
646,16,38,43,41,74,104,25,113,0
647,37,41,1,38,39,83,71,27,0
648,6,11,23,15,49,0,4,59,1
649,45,2,33,32,42,53,14,26,0
650,12,44,26,48,74,110,15,14,1
651,39,17,40,20,108,116,0,94,1
652,41,39,0,8,66,57,15,103,1
653,8,20,7,5,11,69,36,78,0
654,49,14,22,44,66,82,2,32,0
655,26,32,37,34,105,17,51,19,0
656,1,34,5,38,26,5,46,41,1
657,4,25,21,21,112,44,94,11,0
658,28,7,24,40,53,96,12,100,1
659,36,35,17,4,65,22,119,72,0
660,37,47,16,41,48,22,79,22,0
661,18,29,11,22,15,25,54,71,0
662,7,22,5,16,1,76,106,95,0
663,47,41,25,11,59,6,20,111,1
664,44,43,26,22,53,78,65,13,1
665,0,13,7,15,29,43,53,90,1
666,21,13,18,2,83,26,26,24,1
667,16,1,41,29,37,25,37,76,0
668,6,36,0,21,27,96,89,118,1
669,24,4,28,8,24,78,57,84,1
670,44,37,44,28,95,35,61,108,1
671,3,44,48,46,9,108,101,30,0
672,35,40,34,36,59,54,45,100,1
673,5,46,39,22,41,63,88,111,1
674,30,13,13,12,39,90,10,106,0
675,18,38,34,31,96,56,71,53,0
676,43,24,47,45,76,68,7,4,1
677,38,19,44,46,119,60,96,12,1
678,26,1,19,47,104,1,116,27,0
679,9,38,48,22,117,54,70,42,1
680,25,5,12,44,41,96,63,88,0
681,18,16,37,16,46,79,101,114,1
682,38,24,48,39,36,86,20,98,1
683,2,27,45,20,117,37,71,46,1
684,44,1,48,1,79,118,114,102,1
685,12,34,7,36,108,79,117,70,1
686,49,36,42,5,21,77,62,37,0
687,27,4,19,43,56,28,84,95,0
688,19,0,32,17,83,25,63,66,1
689,27,39,25,29,113,34,119,61,1
690,7,11,38,21,106,78,19,108,1
691,40,35,20,32,26,66,7,38,0
692,38,44,48,29,40,86,57,36,0
693,0,22,41,16,79,28,45,118,0
694,2,46,42,42,33,33,30,113,0
695,12,30,40,31,31,96,113,85,0
696,27,10,8,41,89,40,92,7,0
697,48,9,23,13,88,40,111,80,0
698,24,2,36,9,65,22,8,51,0
699,32,13,48,46,11,70,14,90,1
700,37,15,40,35,39,2,93,32,0
701,5,9,16,33,72,57,25,109,0
702,43,28,23,8,75,31,9,80,0
703,44,9,20,41,89,30,28,41,0
704,31,11,38,27,72,81,117,75,1
705,44,29,40,10,9,42,79,111,0
706,46,40,38,13,95,6,35,109,1
707,20,0,12,38,97,104,83,26,1
708,15,4,10,46,47,0,108,111,1
709,20,19,45,18,19,60,117,7,0
710,10,7,18,14,38,13,36,22,0
711,36,42,10,27,59,51,85,105,0
712,35,11,12,23,65,95,70,112,1
713,34,0,45,7,64,5,22,63,1
714,18,19,44,42,50,102,40,92,1
715,19,27,0,8,35,9,103,113,1
716,17,42,39,46,23,70,92,19,0
717,46,36,43,32,117,89,79,15,0
718,40,46,18,32,26,97,101,16,0
719,48,36,11,18,1,29,27,79,1
720,13,11,7,2,30,99,47,18,1
721,14,36,7,9,56,20,37,119,0
722,30,48,44,39,77,59,30,119,0
723,0,48,11,46,65,80,13,7,1
724,2,43,47,41,28,96,116,37,0
725,15,27,32,0,14,73,96,37,0
726,22,46,44,28,11,114,72,52,1
727,10,14,25,49,100,62,90,92,1
728,11,5,38,33,27,110,87,104,1
729,9,43,27,12,83,41,76,99,0
730,31,19,4,0,102,50,89,89,1
731,15,49,7,33,23,63,28,30,0
732,7,13,24,28,20,75,50,43,0
733,37,1,26,47,9,55,48,59,1
734,11,8,45,46,109,79,42,75,0
735,23,36,22,12,77,40,91,118,1
736,27,19,29,47,100,31,91,16,1
737,7,25,44,48,17,14,71,78,0
738,27,28,46,28,87,61,86,72,0
739,35,0,22,38,13,26,92,38,1
740,25,34,48,23,33,27,4,41,1
741,7,5,46,25,57,80,41,47,1
742,49,36,19,16,75,63,6,11,1
743,27,4,17,6,21,109,41,95,1
744,27,32,17,12,119,58,35,88,1
745,36,48,1,4,69,113,104,102,0
746,40,13,3,25,35,57,26,17,0
747,35,11,29,48,44,1,57,78,0
748,26,41,32,2,35,35,45,95,0
749,16,19,35,6,21,113,65,5,1
750,8,49,17,48,77,70,24,107,0
751,32,23,36,38,79,12,72,42,0
752,19,42,18,0,60,14,116,115,1
753,12,33,46,48,99,88,26,34,0
754,27,24,27,16,55,86,0,97,1
755,47,49,39,42,88,59,86,101,1
756,28,28,19,24,95,21,73,119,1
757,12,38,48,2,32,62,41,53,1
758,45,30,32,14,44,89,51,61,1
759,34,46,11,28,35,96,24,68,0
760,5,42,14,42,19,74,53,81,0
761,17,49,40,31,17,73,66,15,0
762,4,22,38,25,37,24,5,7,1
763,46,43,1,15,66,100,57,88,0
764,24,37,28,24,22,47,69,95,0
765,1,19,40,27,95,42,52,89,0
766,9,22,9,8,108,116,65,115,0
767,29,44,1,0,15,37,57,85,1
768,49,15,10,28,58,40,81,30,0
769,44,49,12,21,68,44,86,106,1
770,4,41,9,15,67,87,1,9,1
771,32,7,13,40,20,39,75,55,0
772,0,49,17,43,103,109,21,75,1
773,17,20,8,40,114,119,36,116,1
774,31,0,38,6,77,96,19,91,1
775,46,7,27,13,102,16,102,69,1
776,48,28,2,28,94,87,23,19,1
777,10,31,19,18,77,100,111,4,1
778,20,37,5,18,69,56,83,22,1
779,25,4,26,1,11,1,64,8,0
780,24,46,1,40,15,95,64,57,0
781,21,21,28,44,80,61,80,58,1
782,26,46,37,14,108,87,0,92,1
783,48,33,2,2,86,8,116,79,0
784,12,0,15,10,13,67,115,53,0
785,32,25,29,45,60,80,108,45,0
786,33,42,39,29,70,16,93,21,0
787,40,9,1,39,45,116,104,63,1
788,34,29,16,17,31,49,110,7,1
789,0,49,40,47,14,111,2,19,0
790,20,17,11,1,43,93,45,50,0
791,47,16,34,31,16,39,54,77,0
792,5,25,42,7,40,57,74,38,0
793,27,7,0,21,53,74,87,36,1
794,16,46,44,5,110,84,85,49,0
795,4,39,14,11,43,20,63,33,0
796,30,48,25,46,97,17,107,74,0
797,4,11,36,39,4,54,44,117,1
798,37,26,20,35,108,28,25,103,1
799,2,7,48,14,26,23,76,32,1
800,22,24,30,27,115,73,64,30,0
801,36,45,24,48,86,108,23,53,0
802,36,3,22,44,103,16,73,43,0
803,9,32,23,17,77,17,34,33,1
804,9,0,37,1,78,41,23,113,1
805,18,18,27,12,42,111,27,70,0
806,16,30,20,44,96,83,99,112,0
807,20,15,42,14,116,100,79,117,1
808,13,13,17,19,30,44,103,61,0
809,8,47,35,28,98,81,15,22,0
810,45,4,34,41,16,16,58,45,0
811,0,40,44,28,91,72,80,55,1
812,44,25,8,2,82,13,114,6,0
813,12,27,37,18,109,48,53,117,0
814,3,1,29,2,53,28,78,88,0
815,0,49,43,13,61,94,15,60,0
816,48,5,33,39,86,3,14,2,1
817,39,8,31,3,31,81,97,37,1
818,31,32,2,10,39,19,10,83,1
819,33,40,2,30,12,119,64,33,0
820,27,24,27,42,83,119,78,112,1
821,30,47,43,31,34,46,89,43,0
822,7,12,14,26,4,106,114,107,1
823,38,8,40,29,72,107,67,29,0
824,25,12,22,42,28,8,42,16,1
825,33,30,39,1,69,76,68,58,1
826,2,40,10,48,24,78,98,9,1
827,49,10,47,8,94,26,12,98,0
828,11,3,31,27,21,14,9,83,0
829,0,33,35,30,65,91,74,17,0
830,43,37,32,33,44,100,81,44,1
831,4,45,23,14,68,118,97,107,0
832,29,3,38,47,90,18,102,90,0
833,29,37,33,24,88,89,40,58,0
834,16,18,27,35,71,51,105,61,0
835,47,5,36,7,118,25,49,58,0
836,46,33,6,8,0,88,86,48,0
837,22,17,3,36,83,25,70,99,1
838,14,12,36,47,43,25,58,62,1
839,36,40,0,44,86,45,38,86,0
840,20,22,0,38,95,91,2,31,1
841,13,18,46,31,74,48,75,9,1
842,1,44,19,16,38,81,6,10,0
843,10,10,18,34,110,95,48,101,0
844,38,0,28,36,53,52,25,69,1
845,37,23,9,18,87,2,32,104,0
846,33,6,17,43,74,65,100,61,1
847,37,24,27,28,28,96,47,46,1
848,49,20,34,6,53,41,78,33,1
849,33,14,42,27,89,18,1,99,0
850,17,0,46,8,15,16,104,100,1
851,29,11,30,27,98,107,70,16,0
852,14,6,26,5,19,32,31,103,0
853,26,14,10,28,45,75,3,103,0
854,33,20,48,16,66,48,19,53,0
855,37,18,48,15,64,55,113,75,0
856,32,28,37,22,57,62,116,84,1
857,23,24,4,30,52,2,35,39,0
858,14,32,7,2,110,106,31,18,0
859,29,48,33,20,0,48,27,66,0
860,41,31,47,25,80,54,76,81,0
861,16,48,11,35,65,25,0,52,0
862,4,34,37,41,28,98,59,114,1
863,28,43,0,36,83,71,55,63,0
864,3,37,30,21,69,51,34,82,0
865,9,25,3,41,7,99,111,46,1
866,16,10,48,11,28,116,29,5,0
867,9,34,44,41,111,117,53,15,1
868,16,7,49,12,50,6,35,71,1
869,19,45,4,10,32,45,54,111,1
870,23,13,29,15,2,45,88,17,1
871,4,9,23,7,59,99,79,51,0
872,33,1,2,39,34,15,57,47,0
873,5,45,10,39,68,23,82,42,1
874,1,8,44,44,90,60,64,38,1
875,12,2,3,1,107,53,68,48,0
876,42,20,25,29,75,61,50,112,1
877,42,25,26,29,83,0,21,11,1
878,47,7,45,11,108,48,87,108,1
879,10,47,42,9,19,24,106,9,0
880,46,1,26,43,72,9,108,70,1
881,22,5,41,10,38,117,115,109,0
882,15,27,49,14,3,79,100,54,0
883,30,28,5,15,114,15,52,0,0
884,10,25,14,16,117,57,99,48,1
885,15,24,29,25,18,71,35,35,1
886,7,11,41,1,101,28,67,20,0
887,3,4,36,49,90,102,35,36,0
888,39,33,36,11,44,91,51,115,0
889,3,47,41,25,42,5,52,23,1
890,24,36,36,22,12,15,81,54,1
891,2,14,34,17,12,19,49,24,0
892,31,43,22,31,59,79,79,6,0
893,2,35,5,48,56,70,40,105,1
894,26,14,3,37,85,104,17,80,0
895,28,42,17,46,91,77,21,92,1
896,31,47,8,2,51,42,65,93,1
897,49,22,48,37,110,25,20,70,0
898,18,5,28,2,52,89,99,96,0
899,20,45,12,29,108,77,43,70,1
900,4,49,46,0,85,70,102,23,1
901,17,43,16,29,42,32,46,10,1
902,27,42,44,44,82,25,38,72,1
903,41,44,31,31,71,44,28,11,1
904,21,20,47,27,115,83,53,34,0
905,20,22,21,20,71,62,89,62,1
906,5,42,3,45,41,66,84,67,1
907,0,15,4,12,89,51,16,99,1
908,4,46,36,26,111,67,79,91,0
909,40,14,40,35,114,25,59,56,0
910,11,24,48,6,25,74,30,12,1
911,25,35,12,21,22,1,114,22,1
912,45,10,33,9,42,13,72,82,0
913,33,14,44,38,76,107,94,105,0
914,48,3,21,14,27,29,77,100,0
915,13,20,22,14,8,48,48,38,0
916,25,12,2,3,19,11,100,87,1
917,44,21,41,31,55,89,1,79,0
918,26,18,33,22,82,43,115,96,1
919,8,33,31,5,111,32,47,11,1
920,25,13,44,23,38,12,109,33,0
921,46,3,48,19,50,77,13,70,0
922,21,47,20,36,11,87,58,74,0
923,46,45,45,19,78,97,96,30,0
924,29,26,43,11,94,107,98,92,1
925,42,28,20,32,54,25,57,61,1
926,47,46,43,27,77,20,102,12,1
927,16,27,10,7,10,27,57,30,0
928,25,34,38,0,25,47,110,1,1
929,35,7,3,36,41,99,50,102,0
930,0,15,0,21,26,39,83,14,1
931,7,41,27,5,10,65,1,56,0
932,48,35,23,20,37,105,114,74,1
933,34,29,34,31,97,72,40,33,1
934,14,17,12,34,42,86,82,102,0
935,46,1,46,14,18,78,100,67,1
936,21,48,33,4,63,76,81,74,1
937,13,12,10,45,5,22,15,28,0
938,25,3,35,49,45,80,3,65,0
939,27,25,16,47,115,47,11,15,0
940,22,24,34,5,101,1,28,38,0
941,13,29,17,24,112,83,6,76,0
942,23,10,39,45,41,19,13,36,1
943,1,6,21,39,91,58,118,80,0
944,44,30,23,28,64,45,11,20,1
945,25,43,18,6,98,2,98,43,1
946,13,9,36,39,103,54,4,18,0
947,6,38,38,12,71,11,80,70,1
948,2,12,20,37,58,39,105,101,1
949,46,30,7,17,51,65,31,7,0
950,22,6,27,1,117,99,73,76,1
951,45,48,4,7,46,77,42,100,0
952,42,41,16,10,119,15,80,65,0
953,46,41,36,32,6,82,68,40,0
954,44,35,35,37,10,33,44,74,1
955,17,19,18,47,102,43,105,87,1
956,37,3,26,26,60,109,8,69,1
957,34,6,33,19,67,5,48,60,1
958,14,0,10,11,24,76,32,25,0
959,24,43,44,42,11,63,99,70,1
960,36,44,46,30,25,99,99,102,0
961,27,41,11,26,101,21,17,82,1
962,9,46,20,31,109,17,8,69,1
963,38,12,10,9,11,11,61,106,1
964,16,21,38,2,42,51,56,28,1
965,38,20,27,44,50,117,28,106,1
966,21,21,4,26,116,93,113,102,0
967,25,27,16,34,36,116,77,65,1
968,43,8,19,30,45,50,24,18,1
969,24,25,40,14,52,103,14,67,1
970,16,8,45,15,87,70,5,57,1
971,12,14,11,12,79,95,119,69,0
972,19,9,5,48,12,47,41,112,1
973,24,23,16,34,88,18,28,56,0
974,3,41,18,10,117,5,78,36,1
975,9,7,25,20,53,83,92,60,0
976,2,23,47,10,56,26,3,91,0
977,40,15,43,29,115,52,81,29,0
978,44,48,43,47,117,106,113,70,0
979,17,25,31,34,3,100,56,72,0
980,46,26,5,21,74,47,48,24,1
981,35,36,35,37,95,6,43,96,0
982,46,3,37,30,48,58,102,64,1
983,21,49,10,13,6,68,79,114,0
984,33,23,32,23,109,10,74,5,0
985,46,18,23,49,10,14,13,17,1
986,7,35,22,48,91,63,2,9,0
987,39,38,14,31,53,2,114,91,0
988,48,9,26,35,104,68,113,10,0
989,43,24,10,31,86,22,61,96,0
990,18,17,49,14,44,52,105,64,1
991,41,18,16,42,22,36,63,76,0
992,40,35,13,34,113,8,101,100,0
993,36,9,26,2,27,14,44,83,1
994,5,32,17,15,106,2,105,64,1
995,25,49,27,4,110,92,81,51,0
996,33,4,46,20,56,69,57,66,0
997,44,46,46,9,25,16,19,81,1
998,5,48,3,18,24,25,57,104,0
999,36,34,6,24,53,20,111,77,1
1000,32,43,44,3,28,71,88,30,0
1001,21,33,34,28,82,20,56,90,1
1002,20,32,47,18,96,10,101,16,1
1003,5,20,8,42,35,37,76,54,1
1004,5,16,7,1,13,71,67,109,0
1005,47,21,44,9,77,105,118,92,0
1006,3,47,16,42,34,87,77,35,0
1007,29,36,16,24,29,34,96,100,0
1008,10,14,48,19,91,118,91,25,1
1009,29,34,32,47,16,13,51,52,1
1010,30,27,31,18,66,118,36,16,1
1011,23,6,7,22,79,13,7,85,0
1012,8,31,18,23,109,9,43,24,0
1013,2,10,37,10,29,11,97,1,0
1014,30,9,2,45,115,37,107,118,1
1015,39,8,4,33,92,107,4,85,0
1016,36,13,12,27,44,118,117,4,0
1017,35,12,46,4,78,109,68,3,1
1018,23,24,45,4,109,33,30,35,1
1019,30,1,30,20,119,40,44,5,0
1020,5,34,15,11,88,9,8,115,1
1021,1,6,49,49,50,16,105,20,0
1022,19,20,31,3,101,16,31,76,1
1023,27,17,21,48,105,66,32,117,1
1024,10,2,28,41,46,61,66,100,1
1025,3,41,21,19,52,94,29,118,0
1026,14,38,42,37,63,114,113,88,0
1027,5,40,2,24,117,0,75,25,0
1028,48,48,9,13,115,11,28,54,1
1029,29,10,41,10,37,102,2,38,1
1030,37,38,20,31,63,3,89,83,1
1031,1,23,15,10,86,41,56,32,1
1032,14,45,11,17,88,12,29,13,0
1033,10,18,1,26,105,97,8,55,0
1034,7,3,40,17,6,105,25,99,0
1035,25,25,23,22,21,84,1,80,1
1036,44,37,34,10,80,85,61,20,1
1037,43,41,29,20,81,3,2,45,0
1038,4,31,29,43,112,81,45,15,1
1039,5,38,46,4,40,68,67,109,0
1040,25,44,34,22,73,18,24,15,1
1041,3,45,18,40,9,1,50,119,1
1042,18,35,49,24,56,11,12,83,0
1043,19,39,7,40,6,80,102,28,0
1044,32,36,25,9,111,73,43,91,1
1045,19,32,48,21,49,97,34,7,0
1046,48,35,39,18,101,5,54,87,0
1047,11,2,6,0,90,7,86,2,1
1048,46,8,29,6,51,50,8,88,1
1049,0,7,6,3,32,10,1,18,1
1050,25,32,2,0,0,62,60,96,0
1051,13,5,0,14,107,56,117,65,1
1052,37,40,35,39,52,11,40,78,1
1053,36,38,24,11,59,72,43,85,1
1054,10,3,36,21,33,1,63,73,1
1055,35,12,0,21,3,7,30,81,1
1056,12,48,14,49,16,10,107,21,0
1057,42,1,36,46,3,52,46,45,1
1058,2,4,12,16,42,99,1,112,1
1059,32,43,39,28,117,9,95,90,0
1060,5,26,7,45,89,84,81,12,1
1061,49,31,4,13,3,83,76,32,1
1062,9,20,8,49,0,111,109,4,0
1063,4,7,0,19,70,7,68,89,1
1064,22,37,35,49,93,35,57,76,0
1065,9,7,34,47,49,92,105,26,1
1066,43,49,1,32,72,105,43,77,0
1067,1,2,39,42,60,75,73,23,0
1068,12,43,22,14,34,13,55,66,1
1069,39,2,8,11,7,111,42,110,0
1070,1,21,33,39,23,53,88,114,0
1071,19,5,45,19,82,113,33,62,1
1072,0,1,13,29,35,84,100,112,1
1073,36,22,3,37,49,85,29,93,0
1074,8,43,29,2,115,20,70,98,1
1075,16,1,30,27,42,107,69,47,0
1076,8,37,37,25,26,49,117,62,0
1077,10,16,10,29,31,93,54,77,1
1078,14,34,34,12,77,38,66,11,1
1079,23,33,7,12,17,19,12,27,0
1080,37,22,2,1,27,87,2,43,1
1081,34,29,13,36,28,86,25,92,1
1082,29,7,12,48,15,6,56,42,0
1083,30,21,44,37,98,8,23,16,0
1084,48,43,31,1,46,0,52,39,0
1085,4,35,33,35,58,25,69,48,0
1086,43,4,44,25,30,37,42,84,0
1087,49,12,18,10,3,37,59,56,0
1088,13,28,37,7,36,117,57,86,1
1089,10,30,15,43,16,60,48,83,0
1090,8,46,1,39,38,43,41,63,1
1091,33,15,39,42,47,85,75,74,1
1092,11,41,16,21,45,43,112,56,0
1093,34,29,33,19,89,73,99,97,1
1094,34,15,41,7,47,118,65,73,0
1095,0,11,15,28,38,61,10,73,1
1096,39,16,37,39,104,5,102,106,0
1097,21,15,1,25,3,16,97,69,0
1098,28,11,1,29,29,50,89,99,0
1099,7,7,25,16,29,113,17,87,0
1100,10,19,12,19,21,37,84,75,1
1101,40,2,46,15,74,23,99,42,1
1102,36,15,30,45,65,50,103,118,1
1103,13,29,33,42,107,9,51,22,1
1104,29,44,38,6,11,119,45,26,1
1105,34,22,2,15,93,71,43,57,0
1106,20,27,7,44,35,20,21,108,0
1107,36,39,22,46,17,119,52,36,0
1108,4,4,13,47,89,69,58,5,0
1109,18,19,26,26,52,84,93,64,0
1110,13,39,28,22,70,56,113,5,1
1111,25,43,38,23,0,38,106,49,0
1112,3,0,38,8,57,87,29,21,0
1113,24,29,0,34,89,32,7,104,1
1114,44,20,16,19,86,58,97,87,1
1115,41,19,40,36,89,17,56,24,0
1116,24,5,29,41,108,55,110,78,0
1117,17,21,12,16,5,91,72,89,1
1118,39,17,20,46,69,56,114,71,0
1119,7,7,18,30,43,115,19,50,0
1120,38,38,18,7,71,95,103,87,0
1121,39,31,24,14,23,75,24,47,1
1122,13,32,21,30,85,47,18,101,0
1123,31,15,30,29,18,41,4,69,0
1124,37,11,16,45,100,26,74,117,1
1125,32,37,22,19,17,73,78,98,1
1126,22,33,31,38,94,109,71,105,1
1127,14,13,9,11,100,51,82,64,0
1128,32,35,9,48,29,41,86,59,1
1129,24,32,35,16,41,31,26,45,0
1130,16,22,7,41,32,105,39,35,1
1131,32,49,19,29,73,25,95,57,0
1132,46,44,31,28,100,24,25,75,1
1133,1,1,49,18,11,74,26,37,0
1134,13,40,13,45,117,22,61,10,0
1135,39,20,49,10,93,97,82,11,1
1136,39,1,27,33,26,56,49,41,1
1137,38,26,45,49,38,51,41,113,0
1138,5,8,23,6,8,103,28,38,1
1139,5,0,14,43,117,86,38,70,0
1140,2,10,21,33,20,92,59,10,1
1141,6,2,29,19,75,30,40,35,1
1142,7,22,3,49,118,63,32,51,0
1143,41,25,12,37,28,70,82,30,1
1144,14,3,22,23,32,103,100,32,1
1145,46,17,7,9,106,32,82,12,0
1146,28,5,17,31,61,84,96,17,0
1147,32,34,11,14,116,1,110,40,1
1148,29,21,30,36,14,17,15,57,0
1149,38,42,13,19,1,46,22,55,1
1150,26,14,33,2,51,32,6,23,1
1151,35,21,17,36,102,100,25,72,0
1152,28,36,33,39,116,97,95,30,0
1153,37,41,10,7,43,83,11,54,0
1154,32,11,40,39,53,34,71,104,0
1155,36,46,11,43,17,50,4,9,0
1156,26,48,48,22,2,113,105,59,0
1157,32,41,14,39,6,117,91,1,1
1158,3,37,30,10,42,17,116,101,1
1159,21,17,48,45,81,109,68,14,0
1160,1,44,28,7,107,87,48,2,1
1161,9,34,25,28,37,71,25,42,1
1162,4,29,17,29,36,29,4,30,1
1163,9,23,31,9,57,43,21,69,1
1164,32,41,21,38,32,52,78,66,0
1165,37,29,37,27,107,9,12,55,1
1166,12,13,16,48,58,86,27,62,1
1167,30,5,22,35,94,51,32,74,0
1168,46,2,23,12,10,48,106,14,0
1169,35,15,49,31,67,10,22,108,0
1170,44,6,7,35,81,65,96,115,0
1171,23,13,40,36,67,57,106,91,1
1172,14,8,5,25,112,89,17,9,0
1173,28,14,4,21,97,35,113,37,1
1174,7,20,43,3,92,32,116,46,1
1175,4,34,28,30,87,46,29,56,0
1176,28,1,27,17,21,12,25,49,0
1177,46,26,10,37,65,39,15,113,0
1178,3,1,0,23,43,88,76,70,0
1179,11,34,42,22,5,67,38,14,0
1180,44,17,18,21,41,41,32,17,0
1181,1,13,8,1,24,18,25,81,1
1182,26,19,26,30,118,81,47,115,1
1183,30,17,33,10,56,100,64,104,1
1184,35,9,43,27,84,93,112,87,1
1185,35,24,3,45,54,18,37,1,0
1186,25,1,35,31,15,57,1,103,0
1187,42,24,17,4,94,22,112,83,1
1188,26,32,14,37,13,53,5,97,1
1189,4,35,12,9,38,79,45,42,1
1190,19,30,18,39,27,64,49,25,0
1191,10,13,48,45,95,11,37,70,0
1192,9,0,5,23,91,23,105,37,0
1193,39,45,47,34,50,33,87,93,1
1194,37,15,11,43,118,52,17,41,1
1195,5,45,36,47,48,7,26,4,0
1196,7,2,16,22,8,17,40,10,0
1197,22,34,22,16,57,56,71,64,1
1198,46,40,25,0,44,111,91,33,1
1199,25,5,28,30,21,4,73,119,0
1200,45,24,32,30,31,25,16,0,1
1201,42,12,26,41,68,29,118,82,0
1202,11,33,24,41,86,53,61,1,0
1203,25,7,9,33,68,12,28,84,1
1204,12,20,46,8,41,82,57,19,1
1205,39,33,22,21,52,28,69,60,1
1206,17,3,20,12,95,2,77,86,0
1207,24,24,20,24,58,89,21,20,1
1208,32,14,42,47,73,103,117,87,1
1209,46,3,12,17,38,57,5,67,0
1210,39,44,36,11,14,75,25,11,0
1211,42,11,32,39,70,1,38,21,1
1212,11,31,23,16,28,74,11,19,0
1213,43,31,43,14,110,107,98,81,0
1214,35,27,10,41,2,27,13,0,0
1215,47,12,16,14,82,81,21,29,1
1216,3,30,3,14,9,76,50,96,1
1217,4,13,46,38,91,100,22,23,0
1218,36,19,24,12,28,85,47,13,0
1219,7,17,29,16,78,75,70,35,0
1220,41,28,8,31,34,1,103,68,1
1221,48,5,20,8,5,100,49,74,0
1222,27,31,19,39,11,6,88,23,0
1223,30,28,18,19,110,25,12,59,1
1224,8,42,18,25,37,89,84,94,0
1225,28,1,11,26,76,87,104,54,1
1226,13,22,36,20,92,75,9,76,1
1227,39,18,41,17,18,15,116,79,1
1228,40,30,16,12,66,22,54,23,0
1229,21,4,36,15,7,39,8,76,0
1230,10,18,47,8,7,59,78,23,1
1231,22,33,38,11,118,72,51,53,0
1232,0,9,27,43,83,31,1,25,1
1233,45,24,40,37,46,14,24,65,0
1234,36,1,34,18,3,100,12,79,1
1235,20,10,46,6,50,12,97,37,1
1236,25,49,47,34,84,4,50,109,0
1237,45,30,17,47,66,74,57,64,0
1238,35,14,13,17,44,73,33,112,0
1239,22,8,34,15,7,51,34,74,0
1240,0,22,43,38,86,76,101,50,1
1241,39,18,40,3,15,40,2,34,1
1242,14,8,6,24,76,52,105,42,0
1243,20,34,40,31,66,109,119,28,0
1244,46,20,12,39,111,49,58,36,1
1245,8,8,17,12,8,14,69,80,0
1246,8,27,36,44,59,105,118,57,0
1247,9,45,12,16,77,119,47,53,0
1248,25,6,35,48,76,6,63,38,0
1249,40,15,30,36,116,39,112,41,1
1250,34,15,1,5,70,27,18,27,1
1251,24,32,15,18,14,31,66,28,0
1252,25,3,8,12,70,98,81,42,1
1253,10,3,8,25,101,14,102,2,0
1254,37,38,37,13,97,111,72,115,0
1255,1,39,10,30,40,99,115,9,0
1256,6,16,21,3,21,84,75,58,1
1257,17,36,32,38,23,69,4,105,1
1258,26,38,35,7,112,64,66,13,1
1259,33,28,44,24,100,3,10,75,1
1260,26,35,22,12,43,10,93,46,1
1261,16,37,44,31,0,107,67,41,0
1262,42,38,44,37,9,25,68,93,0
1263,43,49,33,37,106,60,0,31,1
1264,23,36,8,27,79,36,90,31,1
1265,24,34,23,29,109,22,91,41,1
1266,6,6,7,2,71,92,62,31,0
1267,5,26,6,27,55,84,28,25,1
1268,23,27,35,2,112,111,81,114,0
1269,32,21,17,44,88,108,11,0,0
1270,48,13,2,33,49,108,76,55,1
1271,28,6,27,15,11,112,40,105,0
1272,42,36,5,21,88,90,1,1,0
1273,21,21,43,31,80,102,36,80,1
1274,25,4,43,37,59,39,44,29,0
1275,27,1,20,7,25,76,79,119,1
1276,49,26,27,7,109,22,47,102,0
1277,20,20,39,5,111,15,23,70,1
1278,48,37,0,13,77,93,98,51,1
1279,6,14,35,31,40,60,21,90,0
1280,16,20,20,34,35,67,99,8,1
1281,19,9,42,9,22,103,10,21,0
1282,40,22,34,2,42,79,118,33,0
1283,48,38,12,11,5,30,57,109,1
1284,19,4,48,48,110,52,45,48,0
1285,21,0,9,30,68,105,28,0,1
1286,27,12,43,28,42,24,34,72,0
1287,39,20,46,4,24,43,111,83,0
1288,48,25,9,24,17,11,117,52,1
1289,6,49,45,40,61,89,14,82,0
1290,0,44,12,30,12,100,59,99,0
1291,31,20,36,20,42,111,94,39,0
1292,12,17,37,19,77,96,41,44,0
1293,29,36,23,38,27,91,104,67,0
1294,22,44,1,21,17,8,42,8,0
1295,18,31,21,3,58,11,79,104,0
1296,31,35,16,12,59,68,73,21,0
1297,29,16,35,44,62,53,48,17,1
1298,28,34,13,41,56,115,63,75,0
1299,48,48,9,49,91,53,31,105,0
1300,44,10,34,48,50,27,63,42,1
1301,28,20,24,19,55,55,114,38,1
1302,29,25,2,12,26,98,1,72,1
1303,15,3,46,16,31,68,23,5,0
1304,39,33,37,35,110,97,86,82,1
1305,18,47,16,32,8,109,65,47,1
1306,17,17,11,0,103,97,37,110,0
1307,0,39,23,14,95,76,30,6,0
1308,13,34,28,12,83,102,114,79,1
1309,46,40,42,16,91,105,103,68,1
1310,49,28,24,23,96,108,25,15,0
1311,1,28,35,7,67,111,28,0,0
1312,27,37,25,49,45,57,66,114,0
1313,48,41,37,26,97,77,77,36,0
1314,49,20,0,44,111,74,24,102,0
1315,29,41,19,22,66,41,47,82,1
1316,37,12,27,45,25,37,64,117,0
1317,3,48,15,7,7,67,52,36,0
1318,0,40,46,7,5,52,66,80,0
1319,7,16,16,25,79,32,117,63,0
1320,28,8,39,46,23,70,89,89,0
1321,38,40,27,12,47,55,17,85,1
1322,2,0,11,38,102,104,8,61,0
1323,31,1,26,36,93,71,37,71,1
1324,9,47,41,48,44,100,86,60,0
1325,9,28,46,27,12,50,20,32,1
1326,18,32,29,24,68,73,64,65,1
1327,45,9,40,15,24,42,20,29,0
1328,33,49,33,1,19,14,26,110,0
1329,32,39,36,17,117,37,105,19,0
1330,22,20,5,16,81,14,69,59,0
1331,27,27,6,29,110,4,118,81,0
1332,31,10,31,38,81,92,43,106,1
1333,49,33,31,12,65,82,99,73,0
1334,6,7,24,31,73,53,27,23,0
1335,28,21,32,49,118,50,44,119,1
1336,7,7,6,28,44,9,16,3,0
1337,0,48,11,45,113,11,39,36,1
1338,2,14,15,29,46,117,115,3,0
1339,23,16,15,17,62,3,2,76,1
1340,22,22,42,12,75,94,75,88,0
1341,7,23,35,42,110,17,102,76,1
1342,46,44,12,20,76,79,75,17,1
1343,36,18,6,29,113,103,65,87,0
1344,2,4,35,20,110,35,119,65,0
1345,32,31,46,47,54,24,45,47,0
1346,27,43,8,16,74,86,85,32,1
1347,46,0,31,39,18,75,86,57,1
1348,7,22,10,18,34,97,29,82,1
1349,33,36,7,14,102,35,68,72,0
1350,34,7,32,8,52,100,8,27,0
1351,31,12,22,9,25,66,84,34,1
1352,23,7,24,43,109,8,10,102,0
1353,13,22,7,30,13,60,68,9,1
1354,31,42,44,22,117,52,98,64,0
1355,45,0,21,29,44,17,90,41,0
1356,42,44,3,32,43,42,112,84,1
1357,15,23,39,8,87,34,65,8,0
1358,3,34,2,46,104,62,87,59,0
1359,36,23,28,0,64,118,30,110,0
1360,20,16,40,43,50,97,32,14,0
1361,13,4,28,34,42,104,38,98,0
1362,30,19,33,10,118,77,93,56,1
1363,47,20,33,33,85,3,45,68,0
1364,17,39,27,15,22,92,36,104,1
1365,6,30,12,8,55,40,114,21,0
1366,9,45,14,31,117,44,91,63,0
1367,6,35,22,14,18,49,59,40,1
1368,32,10,43,11,81,78,30,86,1
1369,22,14,25,32,75,27,10,70,0
1370,20,18,3,44,54,41,86,55,0
1371,18,6,25,13,91,79,1,22,1
1372,47,27,39,7,91,75,103,107,1
1373,18,42,8,7,59,115,104,24,1
1374,35,4,4,26,58,68,26,90,1
1375,28,4,31,11,32,97,98,104,0
1376,17,29,19,0,18,105,1,5,0
1377,1,31,49,42,27,0,102,118,0
1378,0,7,10,39,51,38,100,33,0
1379,46,9,14,41,48,95,20,62,0
1380,4,37,31,10,36,89,57,8,1
1381,19,46,27,38,25,16,4,59,1
1382,10,31,21,42,98,111,51,48,1
1383,41,47,40,30,97,90,44,96,0
1384,1,27,16,16,98,87,84,50,1
1385,2,16,25,32,39,34,92,59,0
1386,22,30,43,31,79,45,19,69,0
1387,11,7,6,28,37,41,60,36,0
1388,19,39,41,20,76,117,37,30,1
1389,4,24,25,20,86,38,19,97,0
1390,36,8,24,39,53,89,113,40,0
1391,37,1,9,22,21,48,24,61,1
1392,29,14,44,5,15,61,1,92,0
1393,8,49,18,21,27,37,31,57,1
1394,33,2,10,49,111,22,25,13,0
1395,43,48,12,37,34,21,69,35,1
1396,34,35,7,36,59,3,40,35,0
1397,21,3,39,44,44,48,66,116,0
1398,43,13,3,7,45,58,96,78,1
1399,23,40,46,40,71,72,0,7,0
1400,16,40,30,48,107,67,50,25,1
1401,9,24,27,34,54,70,4,35,0
1402,29,49,10,10,118,86,12,47,1
1403,45,9,42,23,85,1,18,84,0
1404,22,20,0,48,84,48,11,27,0
1405,31,35,48,20,25,87,47,67,0
1406,16,11,46,1,103,103,24,61,1
1407,49,26,37,39,84,118,56,79,1
1408,16,39,23,18,24,94,114,85,1
1409,13,1,46,38,104,110,34,75,1
1410,8,12,30,27,64,30,75,79,1
1411,39,31,40,16,5,110,93,50,0
1412,1,30,45,5,22,39,4,103,0
1413,44,15,49,18,114,47,97,101,0
1414,24,31,25,37,63,50,21,41,0
1415,38,31,48,27,86,42,102,100,0
1416,8,33,49,1,42,97,76,28,1
1417,21,10,4,37,106,54,56,81,0
1418,42,9,19,36,22,87,46,9,1
1419,45,14,40,3,95,48,53,105,0
1420,3,16,10,21,29,89,2,38,1
1421,25,39,32,25,76,79,52,81,1
1422,28,17,49,48,106,56,83,0,1
1423,44,8,37,42,17,110,30,38,0
1424,33,24,26,35,86,76,68,20,0
1425,22,39,33,12,78,14,87,64,0
1426,36,13,14,31,96,26,103,14,0
1427,10,24,31,16,20,67,117,3,1
1428,5,49,20,40,56,79,32,59,1
1429,17,21,45,35,102,63,71,60,1
1430,20,29,4,45,22,93,87,19,1
1431,41,19,5,18,90,107,49,9,0
1432,35,20,37,34,44,29,83,86,1
1433,40,43,21,45,43,35,15,104,0
1434,37,31,17,39,81,66,113,33,1
1435,33,45,13,27,87,85,115,109,1
1436,16,48,9,0,114,112,75,47,1
1437,36,20,45,41,46,85,76,32,0
1438,24,34,12,17,39,113,108,97,0
1439,37,31,30,47,50,113,105,102,1
